<?xml version="1.0" encoding="UTF-8" standalone="no"?><Product><Name>SAS Clinical Standards Toolkit</Name><Version>1.7</Version><Description><Line>SAS Clinical Standards Toolkit - Dataset-XML Macro API</Line><Line/></Description><Modules><Module><Name>Dataset-XML V1.0.0 (Runtime)</Name><FileName>datasetxmlv100runtime</FileName><Since>V1.7</Since><Description><Line>This is the CDISC-Dataset-XML 1.0.0 runtime macro library.</Line><Line/></Description><SASFiles><SASFile><FileName>cstutilcomparedatasets.sas</FileName><Macros><Macro><Signature>%cstutilcomparedatasets(_cstLibBase=, _cstLibComp=, _cstCompareLevel=16, _cstCompOptions=, _cstCompDetail=Y);</Signature><Exposure>external</Exposure><Since>1.7</Since><Description><Line> cstutilcomparedatasets</Line><Line/><Line> Compare 2 libraries with SAS data sets.</Line><Line/></Description><MacroVars><Param Name="_cstDebug"><Line> Turns debugging on or off for the session. Set _cstDebug=1</Line><Line>             before this macro call to retain work files created in this macro.</Line></Param><Param Name="_cstResultSeq"><Line> Results: Unique invocation of macro</Line></Param><Param Name="_cstSeqCnt"><Line> Results: Sequence number within _cstResultSeq</Line></Param><Param Name="_cst_rc"><Line> Task error status</Line></Param><Param Name="_cst_rcmsg"><Line> Message associated with _cst_rc</Line></Param></MacroVars><CommentParams><Param Name="_cstCompDetail"><Line> - optional - Do a detailed PROC COMPARE for the SAS data</Line><Line>            that did not compare equal.</Line><Line>            Values: Y | N</Line><Line>            Default:  Y</Line></Param><Param Name="_cstCompOptions"><Line> - optional - Extra options to be added to PROC COMPARE</Line><Line>            Examples:</Line><Line>               _cstCompOptions=%str(criterion=0.00000000000001)</Line><Line>                   to do a less than exact compare</Line></Param><Param Name="_cstCompareLevel"><Line> - required - The minimum PROC COMPARE return code</Line><Line>            which is considered to be an error condition.</Line><Line>            Values greater than 0, but below the _cstCompareLevel value are</Line><Line>            considered warning conditions.</Line><Line>            Default: 16</Line></Param><Param Name="_cstLibBase"><Line> - required - The reference library of SAS data sets.</Line></Param><Param Name="_cstLibComp"><Line> - required - The library of SAS data sets that is compared</Line><Line>            against the reference library.</Line></Param></CommentParams><CodeParams><Param Name="_cstLibBase"/><Param Name="_cstLibComp"/><Param Name="_cstCompareLevel"/><Param Name="_cstCompOptions"/><Param Name="_cstCompDetail"/></CodeParams></Macro></Macros></SASFile><SASFile><FileName>datasetxml_read.sas</FileName><Macros><Macro><Signature>%datasetxml_read(_cstSourceDatasetXMLFile=, _cstSourceDatasetXMLLibrary=, _cstOutputLibrary=, _cstSourceMetadataLibrary=, _cstSourceMetadataDefineFile=, _cstSourceMetadataDefineFileRef=, _cstSourceMetadataMapFile=, _cstSourceDataMapFile=, _cstMaxLabelLength=256, _cstdatetimeLength=64, _cstAttachFormats=Y, _cstNumObsWrite=10000, _cstReturn=_cst_rc, _cstReturnMsg=_cst_rcmsg);</Signature><Exposure>external</Exposure><Since>1.7</Since><Description><Line> datasetxml_read.sas</Line><Line/><Line> Create a SAS data set or a library of SAS data sets from Dataset-XML files.</Line><Line/><Line> Notes:</Line><Line>  (1) Any librefs referenced in macro parameters must be pre-allocated.</Line><Line>  (2) Files that previously existed in the output location will be overwritten.</Line><Line>  (3) Either _cstSourceDatasetXMLFile or _cstSourceDatasetXMLLibrary must be</Line><Line>      specified. In case these parameters have not been specified, the macro</Line><Line>      attempts to get these parameter values from the SASReferences data set</Line><Line>      that has been specified by the macro variable _cstSASRefs</Line><Line>      (type=externalxml). When multiple type=externalxml records have been</Line><Line>      specified, filenames must be defined (with reftype=fileref and</Line><Line>      filetype=file). In case no filenames are specified, only the first record</Line><Line>      will be used, and reftype=libref, filetype=folder should be used.</Line><Line>  (4) _cstOutputLibrary must be specified. In case this parameter has not been</Line><Line>      specified, the macro will attempt to get this parameter value from the</Line><Line>      SASReferences data set as specified by the macro variable _cstSASRefs</Line><Line>      (type=targetdata, reftype=libref, filetype=folder).</Line><Line>  (5) Either _cstSourceMetadataLibrary, _cstSourceMetadataDefineFile or</Line><Line>      _cstSourceMetadataDefineFileRef must be specified.</Line><Line>      In case these parameters are not specified, the macro will first attempt</Line><Line>      to get _cstSourceMetadataLibrary from the SASReferences data set as</Line><Line>      specified by the macro variable _cstSASRefs (type=sourcemetadata,</Line><Line>      subtype=, reftype=libref, filetype=folder).</Line><Line>      If that fails, the macro will try to get _cstSourceMetadataDefineFileRef</Line><Line>      from _cstSASRefs (type=sourcemetadata, subtyp=, reftype=fileref,</Line><Line>      filetype=folder).</Line><Line>  (6) When _cstSourceMetadataDefineFile or _cstSourceMetadataDefineFileRef has</Line><Line>      been specified, then _cstSourceMetadataMapFile needs to be specified. In</Line><Line>      case this parameter has not been specified , the macro will attempt to</Line><Line>      get this parameter value from the SASReferences data set as specified by</Line><Line>      the macro variable _cstSASRefs (type=referencexml, subtype=metamap,</Line><Line>      reftype=fileref, filetype=file).</Line><Line>      In case the XML Map file can still not be found, the datasetxml_createmap</Line><Line>      macro will be used to create the XML Map file (_cstMapType=metamap).</Line><Line>  (6) _cstSourceDataMapFile needs to be specified. In case this parameter has</Line><Line>      not been specified , the macro will attempt to get this parameter value</Line><Line>      from the SASReferences data set as specified by the macro variable</Line><Line>      _cstSASRefs (type=referencexml, subtype=datamap, reftype=fileref,</Line><Line>      filetype=file).</Line><Line>      In case the XML Map file can still not be found, the datasetxml_createmap</Line><Line>      macro will be used to create the XML Map file (_cstMapType=datamap).</Line><Line>  (7) When _cstSourceMetadataLibrary is specified, the following data sets</Line><Line>      are expected to exist in this library:</Line><Line/><Line>        definedocument</Line><Line>        study</Line><Line>        metadataversion</Line><Line>        itemgroupdefs</Line><Line>        itemgroupdefitemrefs (CRT-DDS 1.0)</Line><Line>        itemgroupitemrefs (Define-XML 2.0)</Line><Line>        itemdefs</Line><Line>        translatedtext (Define-XML 2.0)</Line><Line/><Line>  (8) The Define-XML metadata is used to look up ItemGroupDef/@OID and</Line><Line>      ItemDef/@OID based on data set name and variable name.</Line><Line/></Description><MacroVars><Param Name="&amp;_cstLRECL"><Line> File record length</Line></Param><Param Name="_cstDebug"><Line> Turns debugging on or off for the session. Set _cstDebug=1</Line><Line>             before this macro call to retain work files created in this macro.</Line></Param><Param Name="_cstResultSeq"><Line> Results: Unique invocation of macro</Line></Param><Param Name="_cstSeqCnt"><Line> Results: Sequence number within _cstResultSeq</Line></Param><Param Name="_cstStandard"><Line> Name of a standard registered to the SAS Clinical</Line><Line>             Standards Toolkit</Line></Param><Param Name="_cstStandardVersion"><Line> Version of the standard referenced in _cstStandard</Line></Param><Param Name="_cst_rc"><Line> Task error status</Line></Param><Param Name="_cst_rcmsg"><Line> Message associated with _cst_rc</Line></Param></MacroVars><CommentParams><Param Name="_cstAttachFormats"><Line> - optional - Attach formats to data?</Line><Line>            These are the formats as define in the ItemDef/@DisplayFormat</Line><Line>            Define-XML attribute.</Line><Line>            If not provided, Yes is assumed.</Line><Line>            Values: Y | N</Line><Line>            Default:  Y</Line></Param><Param Name="_cstMaxLabelLength"><Line> - required - Maximum value of labels to be created.</Line><Line>            Default: 256</Line></Param><Param Name="_cstNumObsWrite"><Line> - required - Maximum number of observations to write</Line><Line>            in final data step (per loop). This can be used for performance</Line><Line>            tuning.</Line><Line>            Default:  10000</Line></Param><Param Name="_cstOutputLibrary"><Line> - required - The libref of the output data folder/</Line><Line>            library where the dataset-XML files are created.</Line></Param><Param Name="_cstReturn"><Line> - required - The macro variable that contains the return</Line><Line>            value as set by this macro.</Line><Line>            Default: _cst_rc</Line></Param><Param Name="_cstReturnMsg"><Line> - required - The macro variable that contains the return</Line><Line>            message as set by this macro.</Line><Line>            Default: _cst_rcmsg</Line></Param><Param Name="_cstSourceDataMapFile"><Line> - optional - The path to the Map file to read</Line><Line>            Dataset-XML data from an Dataset-XML file.</Line><Line>            If not provided it will be derived from SASReferences or created.</Line></Param><Param Name="_cstSourceDatasetXMLFile"><Line> - conditional - The complete path to the</Line><Line>            the Dataset-XML file to convert.</Line><Line>            Required if _cstSourceLibrary is not specified.</Line></Param><Param Name="_cstSourceDatasetXMLLibrary"><Line> - conditional - The libref of the source</Line><Line>            DatasetXML folder/library. Required if _cstSourceDatasetXMLFile is</Line><Line>            not specified.</Line></Param><Param Name="_cstSourceMetadataDefineFile"><Line> - conditional - The path to the Define-XML</Line><Line>            file.</Line></Param><Param Name="_cstSourceMetadataDefineFileRef"><Line> - conditional - The file reference that</Line><Line>            specifies the location of the Define-XML file.</Line></Param><Param Name="_cstSourceMetadataLibrary"><Line> - conditional - The libref of the source</Line><Line>            metadata folder/library.</Line></Param><Param Name="_cstSourceMetadataMapFile"><Line> - conditional - The path to the Map file to</Line><Line>            read Define-XML metadata from an XML file.</Line><Line>            If not provided it will be derived from SASReferences or created.</Line></Param><Param Name="_cstdatetimeLength"><Line> - required - Length of date and time related</Line><Line>            variables to be created.</Line><Line>            Default: 64</Line></Param></CommentParams><CodeParams><Param Name="_cstSourceDatasetXMLFile"/><Param Name="_cstSourceDatasetXMLLibrary"/><Param Name="_cstOutputLibrary"/><Param Name="_cstSourceMetadataLibrary"/><Param Name="_cstSourceMetadataDefineFile"/><Param Name="_cstSourceMetadataDefineFileRef"/><Param Name="_cstSourceMetadataMapFile"/><Param Name="_cstSourceDataMapFile"/><Param Name="_cstMaxLabelLength"/><Param Name="_cstdatetimeLength"/><Param Name="_cstAttachFormats"/><Param Name="_cstNumObsWrite"/><Param Name="_cstReturn"/><Param Name="_cstReturnMsg"/></CodeParams></Macro></Macros></SASFile><SASFile><FileName>datasetxml_write.sas</FileName><Macros><Macro><Signature>%datasetxml_write(_cstSourceDataSets=, _cstSourceLibrary=, _cstOutputLibrary=, _cstSourceMetadataLibrary=, _cstSourceMetadataDefineFile=, _cstSourceMetadataDefineFileRef=, _cstSourceMetadataMapFile=, _cstOutputEncoding=UTF-8, _cstCreationDateTime=, _cstAsOfDateTime=, _cstOriginator=, _cstSourceSystem=, _cstSourceSystemVersion=, _cstHeaderComment=Produced from SAS data using SAS Clinical Standards Toolkit, _cstNumericFormat=best32., _cstCheckLengths=Y, _cstIndent=Y, _cstZip=N, _cstDeleteAfterZip=N, _cstReturn=_cst_rc, _cstReturnMsg=_cst_rcmsg);</Signature><Exposure>external</Exposure><Since>1.7</Since><Description><Line> datasetxml_write.sas</Line><Line/><Line> Create Dataset-XML file from a SAS data set or from a library of SAS data sets</Line><Line/><Line> Notes:</Line><Line>  (1) Any librefs referenced in macro parameters must be pre-allocated.</Line><Line>  (2) Files that previously existed in the output location will be overwritten.</Line><Line>  (3) Either _cstSourceDataSets or _cstSourceLibrary must be specified.</Line><Line>      In case these parameters have not been specified, the macro will attempt</Line><Line>      to get these parameter values from the SASReferences data set that has</Line><Line>      been specified by the macro variable _cstSASRefs (type=sourcedata).</Line><Line>      When multiple type=sourcedata records have been specified, memnames must</Line><Line>      be defined. In case no memnames are specified, only the first record will</Line><Line>      be used.</Line><Line>  (4) _cstOutputLibrary must be specified. In case this parameter has not been</Line><Line>      specified, the macro will attempt to get this parameter value from the</Line><Line>      SASReferences data set as specified by the macro variable _cstSASRefs</Line><Line>      (type=externalxml).</Line><Line>  (5) Either _cstSourceMetadataLibrary, _cstSourceMetadataDefineFile or</Line><Line>      _cstSourceMetadataDefineFileRef must be specified.</Line><Line>      In case these parameters are not specified, the macro will first attempt</Line><Line>      to get _cstSourceMetadataLibrary from the SASReferences data set as</Line><Line>      specified by the macro variable _cstSASRefs (type=sourcemetadata,</Line><Line>      subtype=, reftype=libref).</Line><Line>      If that fails, the macro will try to get _cstSourceMetadataDefineFileRef</Line><Line>      from _cstSASRefs (type=sourcemetadata, subtyp=, reftype=fileref).</Line><Line>  (6) When _cstSourceMetadataDefineFile or _cstSourceMetadataDefineFileRef has</Line><Line>      been specified, then _cstSourceMetadataMapFile needs to be specified. In</Line><Line>      case this parameter has not been specified , the macro will attempt to</Line><Line>      get this parameter value from the SASReferences data set as specified by</Line><Line>      the macro variable _cstSASRefs (type=referencexml, subtype=metamap).</Line><Line>      In case the XML Map file can still not be found, the datasetxml_createmap</Line><Line>      macro will be used to create the XML Map file (_cstMapType=metamap).</Line><Line>  (7) When _cstSourceMetadataLibrary is specified, the following data sets</Line><Line>      are expected to exist in this library:</Line><Line/><Line>        definedocument</Line><Line>        study</Line><Line>        metadataversion</Line><Line>        itemgroupdefs</Line><Line>        itemgroupdefitemrefs (CRT-DDS 1.0)</Line><Line>        itemgroupitemrefs (Define-XML 2.0)</Line><Line>        itemdefs</Line><Line/><Line>  (8) The Define-XML metadata is used to look up ItemGroupDef/@OID and</Line><Line>      ItemDef/@OID based on data set name and variable name.</Line><Line>      In case the data set can not be matched, a warning will be written and</Line><Line>      the ItemGroupData/@ItemGroupOID attribute will be generated as</Line><Line>      "IG.&lt;TABLE&gt;". In case the data set variable can not be matched, a warning</Line><Line>      will be written and the ItemData/@ItemOID attribute will be generated as</Line><Line>      "IT.&lt;TABLE&gt;.&lt;COLUMN&gt;".</Line><Line>      In case the following metadata can not be found, it will be generated:</Line><Line>        ODM/@FileOID as "DEFINE" (used as ODM/@PriorFileOID)</Line><Line>        ODM/Study/@OID as "STUDY1"</Line><Line>            (used as [ReferenceData|ClinicalData]/@StudyOID)</Line><Line>        ODM/Study/MetaDataVersion/@OID as "MDV1"</Line><Line>            (used as [ReferenceData|ClinicalData]/@MetaDataVersionOID)</Line><Line>  (9) The macro allows for zipping the Dataset-XML file (_cstZip=Y), and</Line><Line>      optionally deleting the Dataset-XML file after zipping</Line><Line>      (_cstDeleteAfterZip=Y).</Line><Line/></Description><MacroVars><Param Name="&amp;_cstLRECL"><Line> File record length</Line></Param><Param Name="_cstDebug"><Line> Turns debugging on or off for the session. Set _cstDebug=1</Line><Line>             before this macro call to retain work files created in this macro.</Line></Param><Param Name="_cstResultSeq"><Line> Results: Unique invocation of macro</Line></Param><Param Name="_cstSeqCnt"><Line> Results: Sequence number within _cstResultSeq</Line></Param><Param Name="_cstStandard"><Line> Name of a standard registered to the SAS Clinical</Line><Line>             Standards Toolkit</Line></Param><Param Name="_cstStandardVersion"><Line> Version of the standard referenced in _cstStandard</Line></Param><Param Name="_cst_rc"><Line> Task error status</Line></Param><Param Name="_cst_rcmsg"><Line> Message associated with _cst_rc</Line></Param></MacroVars><CommentParams><Param Name="_cstAsOfDateTime"><Line> - optional - The date/time at which the source</Line><Line>            database was queried in order to create this document (ISO 8601).</Line></Param><Param Name="_cstCheckLengths"><Line> - optional - If Y, then the actual value lengths of</Line><Line>            variables with DataType=text will be check agaist that lengths as</Line><Line>            defined in the metadata. In case lengths as defined in the metadata</Line><Line>            are too short, a warning will be written to the LOG.</Line><Line>            Values:  N | Y</Line><Line>            Default: N</Line></Param><Param Name="_cstCreationDateTime"><Line> - optional - The date/time at which the XML</Line><Line>            document was created. In case no value has been specified the</Line><Line>            current date and time will bu used (ISO 8601).</Line></Param><Param Name="_cstDeleteAfterZip"><Line> - optional - If Y, then delete the Dataset-XML file</Line><Line>            after it has been zipped (_cstZip=Y).</Line><Line>            Values:  N | Y</Line><Line>            Default: N</Line></Param><Param Name="_cstHeaderComment"><Line> - optional - The short comment that is added to the</Line><Line>            top of the Dataset-XML file that is produced.</Line><Line>            Default: Produced from SAS data using the SAS Clinical Standards</Line><Line>            Toolkit</Line><Line>        _cstNumericFormat - required - Format used to write numeric data.</Line><Line>            Default: best32.</Line></Param><Param Name="_cstIndent"><Line> - optional - If Y, then indent the Dataset-XML file.</Line><Line>            Values:  N | Y</Line><Line>            Default: Y</Line></Param><Param Name="_cstOriginator"><Line> - optional - The organization that generated the ODM</Line><Line>            file.</Line></Param><Param Name="_cstOutputEncoding"><Line> - optional - The XML encoding to use for the</Line><Line>            Dataset-XML file that is created.</Line><Line>            Default: UTF-8</Line></Param><Param Name="_cstOutputLibrary"><Line> - required - The libref of the output data folder/</Line><Line>            library where the dataset-XML files are created.</Line></Param><Param Name="_cstReturn"><Line> - required - The macro variable that contains the return</Line><Line>            value as set by this macro.</Line><Line>            Default: _cst_rc</Line></Param><Param Name="_cstReturnMsg"><Line> - required - The macro variable that contains the return</Line><Line>            message as set by this macro.</Line><Line>            Default: _cst_rcmsg</Line></Param><Param Name="_cstSourceDataSets"><Line> - conditional - A list of source data sets to</Line><Line>            convert. Specified as a blank sperated list of: (libref.)datasete</Line><Line>            Required if _cstSourceLibrary is not specified.</Line></Param><Param Name="_cstSourceLibrary"><Line> - conditional - The libref of the source data folder/</Line><Line>            library. Required if _cstSourceDataSets is not specified.</Line></Param><Param Name="_cstSourceMetadataDefineFile"><Line> - conditional - The path to the Define-XML</Line><Line>            file.</Line></Param><Param Name="_cstSourceMetadataDefineFileRef"><Line> - conditional - The file reference that</Line><Line>            specifies the location of the Define-XML file.</Line></Param><Param Name="_cstSourceMetadataLibrary"><Line> - conditional - The libref of the source</Line><Line>            metadata folder/library.</Line></Param><Param Name="_cstSourceMetadataMapFile"><Line> - optional - The path to the Map file to</Line><Line>            read Define-XML metadata from an XML file.</Line><Line>            If not provided it will be derived from SASReferences or created.</Line></Param><Param Name="_cstSourceSystem"><Line> - optional - The computer system or database</Line><Line>            management system that is the source of the information in this</Line><Line>            file.</Line></Param><Param Name="_cstSourceSystemVersion"><Line> - optional - The version of _cstSourceSystem.</Line></Param><Param Name="_cstZip"><Line> - optional - If Y, then zip the Dataset-XML file to a zip file</Line><Line>            in the same folder and the same name as the Define-XML file.</Line><Line>            Values:  N | Y</Line><Line>            Default: N</Line></Param></CommentParams><CodeParams><Param Name="_cstSourceDataSets"/><Param Name="_cstSourceLibrary"/><Param Name="_cstOutputLibrary"/><Param Name="_cstSourceMetadataLibrary"/><Param Name="_cstSourceMetadataDefineFile"/><Param Name="_cstSourceMetadataDefineFileRef"/><Param Name="_cstSourceMetadataMapFile"/><Param Name="_cstOutputEncoding"/><Param Name="_cstCreationDateTime"/><Param Name="_cstAsOfDateTime"/><Param Name="_cstOriginator"/><Param Name="_cstSourceSystem"/><Param Name="_cstSourceSystemVersion"/><Param Name="_cstHeaderComment"/><Param Name="_cstNumericFormat"/><Param Name="_cstCheckLengths"/><Param Name="_cstIndent"/><Param Name="_cstZip"/><Param Name="_cstDeleteAfterZip"/><Param Name="_cstReturn"/><Param Name="_cstReturnMsg"/></CodeParams></Macro></Macros></SASFile><SASFile><FileName>xml_validate.sas</FileName><Macros><Macro><Signature>%xml_validate(xsdFile=, xmlFolder=, whereClause=);</Signature><Exposure>external</Exposure><Since>1.7</Since><Description><Line> xml_validate.sas</Line><Line/><Line> Validate an XML file against a W3C schema file.</Line><Line/><Line> Notes:</Line><Line>  (1) This macro uses PROC GROOVY, and will only run in SAS versions 9.3 or</Line><Line>      later.</Line><Line/></Description><CommentParams><Param Name="whereClause"><Line> - optional - A valid SAS WHERE clause used in a datastep to</Line><Line>            restrict the XML files in the folder to be validated.</Line><Line>            Examples:</Line><Line>              whereClause=%nrstr(where index(upcase(xmlfile), "DEFINE") eq 0)</Line><Line>              whereClause=%nrstr(where index(upcase(xmlfile), "DEFINE") ge 1)</Line></Param><Param Name="xmlFolder"><Line> - required - The full path to the folder with XML files to</Line><Line>            validate against the W3C XML Schema.</Line></Param><Param Name="xsdFile"><Line> - required - The full path to the W3C XML Schema XML file.</Line></Param></CommentParams><CodeParams><Param Name="xsdFile"/><Param Name="xmlFolder"/><Param Name="whereClause"/></CodeParams></Macro></Macros></SASFile></SASFiles></Module></Modules></Product>