﻿<?xml version="1.0" encoding="UTF-8"?>
<!-- Produced from SAS data using SAS Clinical Standards Toolkit -->
<ODM
xmlns="http://www.cdisc.org/ns/odm/v1.3"
xmlns:data="http://www.cdisc.org/ns/Dataset-XML/v1.0"
ODMVersion="1.3.2"
FileType="Snapshot"
FileOID="cdisc01.TA"
PriorFileOID="www.cdisc.org.Studycdisc01-Define-XML_2.0.0"
CreationDateTime="2014-06-24T13:53:06"
data:DatasetXMLVersion="1.0.0">
<ReferenceData StudyOID="cdisc01" MetaDataVersionOID="MDV.CDISC01.SDTMIG.3.1.2.SDTM.1.2">
<ItemGroupData ItemGroupOID="IG.TA" data:ItemGroupDataSeq="1">
<ItemData ItemOID="IT.STUDYID" Value="CDISC01"/>
<ItemData ItemOID="IT.TA.DOMAIN" Value="TA"/>
<ItemData ItemOID="IT.TA.ARMCD" Value="PLACEBO"/>
<ItemData ItemOID="IT.TA.ARM" Value="Placebo"/>
<ItemData ItemOID="IT.TA.TAETORD" Value="1"/>
<ItemData ItemOID="IT.TA.ETCD" Value="SCREEN"/>
<ItemData ItemOID="IT.TA.ELEMENT" Value="Screening"/>
<ItemData ItemOID="IT.TA.EPOCH" Value="SCREEN"/>
</ItemGroupData>
<ItemGroupData ItemGroupOID="IG.TA" data:ItemGroupDataSeq="2">
<ItemData ItemOID="IT.STUDYID" Value="CDISC01"/>
<ItemData ItemOID="IT.TA.DOMAIN" Value="TA"/>
<ItemData ItemOID="IT.TA.ARMCD" Value="PLACEBO"/>
<ItemData ItemOID="IT.TA.ARM" Value="Placebo"/>
<ItemData ItemOID="IT.TA.TAETORD" Value="2"/>
<ItemData ItemOID="IT.TA.ETCD" Value="PLACEBO"/>
<ItemData ItemOID="IT.TA.ELEMENT" Value="Treatment Placebo"/>
<ItemData ItemOID="IT.TA.TABRANCH" Value="Randomized to Placebo"/>
<ItemData ItemOID="IT.TA.EPOCH" Value="TREATMENT"/>
</ItemGroupData>
<ItemGroupData ItemGroupOID="IG.TA" data:ItemGroupDataSeq="3">
<ItemData ItemOID="IT.STUDYID" Value="CDISC01"/>
<ItemData ItemOID="IT.TA.DOMAIN" Value="TA"/>
<ItemData ItemOID="IT.TA.ARMCD" Value="PLACEBO"/>
<ItemData ItemOID="IT.TA.ARM" Value="Placebo"/>
<ItemData ItemOID="IT.TA.TAETORD" Value="3"/>
<ItemData ItemOID="IT.TA.ETCD" Value="EOS"/>
<ItemData ItemOID="IT.TA.ELEMENT" Value="End of Study"/>
<ItemData ItemOID="IT.TA.TABRANCH" Value="Termination from Study"/>
<ItemData ItemOID="IT.TA.EPOCH" Value="TREATMENT"/>
</ItemGroupData>
<ItemGroupData ItemGroupOID="IG.TA" data:ItemGroupDataSeq="4">
<ItemData ItemOID="IT.STUDYID" Value="CDISC01"/>
<ItemData ItemOID="IT.TA.DOMAIN" Value="TA"/>
<ItemData ItemOID="IT.TA.ARMCD" Value="WONDER10"/>
<ItemData ItemOID="IT.TA.ARM" Value="Miracle Drug 10 mg"/>
<ItemData ItemOID="IT.TA.TAETORD" Value="1"/>
<ItemData ItemOID="IT.TA.ETCD" Value="SCREEN"/>
<ItemData ItemOID="IT.TA.ELEMENT" Value="Screening"/>
<ItemData ItemOID="IT.TA.EPOCH" Value="SCREEN"/>
</ItemGroupData>
<ItemGroupData ItemGroupOID="IG.TA" data:ItemGroupDataSeq="5">
<ItemData ItemOID="IT.STUDYID" Value="CDISC01"/>
<ItemData ItemOID="IT.TA.DOMAIN" Value="TA"/>
<ItemData ItemOID="IT.TA.ARMCD" Value="WONDER10"/>
<ItemData ItemOID="IT.TA.ARM" Value="Miracle Drug 10 mg"/>
<ItemData ItemOID="IT.TA.TAETORD" Value="2"/>
<ItemData ItemOID="IT.TA.ETCD" Value="WOND10"/>
<ItemData ItemOID="IT.TA.ELEMENT" Value="Treatment 10 mg Miracle Drug"/>
<ItemData ItemOID="IT.TA.TABRANCH" Value="Randomized to Miracle Drug 10mg"/>
<ItemData ItemOID="IT.TA.EPOCH" Value="TREATMENT"/>
</ItemGroupData>
<ItemGroupData ItemGroupOID="IG.TA" data:ItemGroupDataSeq="6">
<ItemData ItemOID="IT.STUDYID" Value="CDISC01"/>
<ItemData ItemOID="IT.TA.DOMAIN" Value="TA"/>
<ItemData ItemOID="IT.TA.ARMCD" Value="WONDER10"/>
<ItemData ItemOID="IT.TA.ARM" Value="Miracle Drug 10 mg"/>
<ItemData ItemOID="IT.TA.TAETORD" Value="3"/>
<ItemData ItemOID="IT.TA.ETCD" Value="EOS"/>
<ItemData ItemOID="IT.TA.ELEMENT" Value="End of Study"/>
<ItemData ItemOID="IT.TA.TABRANCH" Value="Termination from Study"/>
<ItemData ItemOID="IT.TA.EPOCH" Value="TREATMENT"/>
</ItemGroupData>
<ItemGroupData ItemGroupOID="IG.TA" data:ItemGroupDataSeq="7">
<ItemData ItemOID="IT.STUDYID" Value="CDISC01"/>
<ItemData ItemOID="IT.TA.DOMAIN" Value="TA"/>
<ItemData ItemOID="IT.TA.ARMCD" Value="WONDER20"/>
<ItemData ItemOID="IT.TA.ARM" Value="Miracle Drug 20 mg"/>
<ItemData ItemOID="IT.TA.TAETORD" Value="1"/>
<ItemData ItemOID="IT.TA.ETCD" Value="SCREEN"/>
<ItemData ItemOID="IT.TA.ELEMENT" Value="Screening"/>
<ItemData ItemOID="IT.TA.EPOCH" Value="SCREEN"/>
</ItemGroupData>
<ItemGroupData ItemGroupOID="IG.TA" data:ItemGroupDataSeq="8">
<ItemData ItemOID="IT.STUDYID" Value="CDISC01"/>
<ItemData ItemOID="IT.TA.DOMAIN" Value="TA"/>
<ItemData ItemOID="IT.TA.ARMCD" Value="WONDER20"/>
<ItemData ItemOID="IT.TA.ARM" Value="Miracle Drug 20 mg"/>
<ItemData ItemOID="IT.TA.TAETORD" Value="2"/>
<ItemData ItemOID="IT.TA.ETCD" Value="WOND20"/>
<ItemData ItemOID="IT.TA.ELEMENT" Value="Treatment 20 mg Miracle Drug"/>
<ItemData ItemOID="IT.TA.TABRANCH" Value="Randomized to Miracle Drug 20mg"/>
<ItemData ItemOID="IT.TA.EPOCH" Value="TREATMENT"/>
</ItemGroupData>
<ItemGroupData ItemGroupOID="IG.TA" data:ItemGroupDataSeq="9">
<ItemData ItemOID="IT.STUDYID" Value="CDISC01"/>
<ItemData ItemOID="IT.TA.DOMAIN" Value="TA"/>
<ItemData ItemOID="IT.TA.ARMCD" Value="WONDER20"/>
<ItemData ItemOID="IT.TA.ARM" Value="Miracle Drug 20 mg"/>
<ItemData ItemOID="IT.TA.TAETORD" Value="3"/>
<ItemData ItemOID="IT.TA.ETCD" Value="EOS"/>
<ItemData ItemOID="IT.TA.ELEMENT" Value="End of Study"/>
<ItemData ItemOID="IT.TA.TABRANCH" Value="Termination from study"/>
<ItemData ItemOID="IT.TA.EPOCH" Value="TREATMENT"/>
</ItemGroupData>
</ReferenceData>
</ODM>
