﻿<?xml version="1.0" encoding="UTF-8"?>
<!-- Produced from SAS data using SAS Clinical Standards Toolkit -->
<ODM
xmlns="http://www.cdisc.org/ns/odm/v1.3"
xmlns:data="http://www.cdisc.org/ns/Dataset-XML/v1.0"
ODMVersion="1.3.2"
FileType="Snapshot"
FileOID="cdisc01.TV"
PriorFileOID="www.cdisc.org.Studycdisc01-Define-XML_2.0.0"
CreationDateTime="2014-06-24T13:53:07"
data:DatasetXMLVersion="1.0.0">
<ReferenceData StudyOID="cdisc01" MetaDataVersionOID="MDV.CDISC01.SDTMIG.3.1.2.SDTM.1.2">
<ItemGroupData ItemGroupOID="IG.TV" data:ItemGroupDataSeq="1">
<ItemData ItemOID="IT.STUDYID" Value="CDISC01"/>
<ItemData ItemOID="IT.TV.DOMAIN" Value="TV"/>
<ItemData ItemOID="IT.TV.VISITNUM" Value="1"/>
<ItemData ItemOID="IT.TV.VISIT" Value="SCREEN"/>
<ItemData ItemOID="IT.TV.VISITDY" Value="-13"/>
<ItemData ItemOID="IT.TV.TVSTRL" Value="Start of Screening"/>
</ItemGroupData>
<ItemGroupData ItemGroupOID="IG.TV" data:ItemGroupDataSeq="2">
<ItemData ItemOID="IT.STUDYID" Value="CDISC01"/>
<ItemData ItemOID="IT.TV.DOMAIN" Value="TV"/>
<ItemData ItemOID="IT.TV.VISITNUM" Value="2"/>
<ItemData ItemOID="IT.TV.VISIT" Value="BASELINE"/>
<ItemData ItemOID="IT.TV.VISITDY" Value="1"/>
<ItemData ItemOID="IT.TV.TVSTRL" Value="Start of Baseline Assessments"/>
</ItemGroupData>
<ItemGroupData ItemGroupOID="IG.TV" data:ItemGroupDataSeq="3">
<ItemData ItemOID="IT.STUDYID" Value="CDISC01"/>
<ItemData ItemOID="IT.TV.DOMAIN" Value="TV"/>
<ItemData ItemOID="IT.TV.VISITNUM" Value="3"/>
<ItemData ItemOID="IT.TV.VISIT" Value="WEEK 2"/>
<ItemData ItemOID="IT.TV.VISITDY" Value="15"/>
<ItemData ItemOID="IT.TV.TVSTRL" Value="End of week 2 treatment"/>
</ItemGroupData>
<ItemGroupData ItemGroupOID="IG.TV" data:ItemGroupDataSeq="4">
<ItemData ItemOID="IT.STUDYID" Value="CDISC01"/>
<ItemData ItemOID="IT.TV.DOMAIN" Value="TV"/>
<ItemData ItemOID="IT.TV.VISITNUM" Value="10"/>
<ItemData ItemOID="IT.TV.VISIT" Value="WEEK 24"/>
<ItemData ItemOID="IT.TV.VISITDY" Value="169"/>
<ItemData ItemOID="IT.TV.TVSTRL" Value="End of treatment"/>
</ItemGroupData>
</ReferenceData>
</ODM>
