﻿<?xml version="1.0" encoding="UTF-8"?>
<!-- Produced from SAS data using SAS Clinical Standards Toolkit -->
<ODM
xmlns="http://www.cdisc.org/ns/odm/v1.3"
xmlns:data="http://www.cdisc.org/ns/Dataset-XML/v1.0"
ODMVersion="1.3.2"
FileType="Snapshot"
FileOID="cdisc01.TS"
PriorFileOID="www.cdisc.org.Studycdisc01-Define-XML_2.0.0"
CreationDateTime="2014-10-29T11:15:10"
data:DatasetXMLVersion="1.0.0">
<ReferenceData StudyOID="cdisc01" MetaDataVersionOID="MDV.CDISC01.SDTMIG.3.1.2.SDTM.1.2">
<ItemGroupData ItemGroupOID="IG.TS" data:ItemGroupDataSeq="1">
<ItemData ItemOID="IT.STUDYID" Value="CDISC01"/>
<ItemData ItemOID="IT.TS.DOMAIN" Value="TS"/>
<ItemData ItemOID="IT.TS.TSSEQ" Value="1"/>
<ItemData ItemOID="IT.TS.TSPARMCD" Value="ADDON"/>
<ItemData ItemOID="IT.TS.TSPARM" Value="Added on to Existing Treatments"/>
<ItemData ItemOID="IT.TS.TSVAL" Value="N"/>
</ItemGroupData>
<ItemGroupData ItemGroupOID="IG.TS" data:ItemGroupDataSeq="2">
<ItemData ItemOID="IT.STUDYID" Value="CDISC01"/>
<ItemData ItemOID="IT.TS.DOMAIN" Value="TS"/>
<ItemData ItemOID="IT.TS.TSSEQ" Value="1"/>
<ItemData ItemOID="IT.TS.TSPARMCD" Value="AGEMAX"/>
<ItemData ItemOID="IT.TS.TSPARM" Value="Planned Maximum Age of Subjects"/>
<ItemData ItemOID="IT.TS.TSVAL" Value="85"/>
</ItemGroupData>
<ItemGroupData ItemGroupOID="IG.TS" data:ItemGroupDataSeq="3">
<ItemData ItemOID="IT.STUDYID" Value="CDISC01"/>
<ItemData ItemOID="IT.TS.DOMAIN" Value="TS"/>
<ItemData ItemOID="IT.TS.TSSEQ" Value="1"/>
<ItemData ItemOID="IT.TS.TSPARMCD" Value="AGEMIN"/>
<ItemData ItemOID="IT.TS.TSPARM" Value="Planned Minimum Age of Subjects"/>
<ItemData ItemOID="IT.TS.TSVAL" Value="18"/>
</ItemGroupData>
<ItemGroupData ItemGroupOID="IG.TS" data:ItemGroupDataSeq="4">
<ItemData ItemOID="IT.STUDYID" Value="CDISC01"/>
<ItemData ItemOID="IT.TS.DOMAIN" Value="TS"/>
<ItemData ItemOID="IT.TS.TSSEQ" Value="1"/>
<ItemData ItemOID="IT.TS.TSPARMCD" Value="AGESPAN"/>
<ItemData ItemOID="IT.TS.TSPARM" Value="Age Span"/>
<ItemData ItemOID="IT.TS.TSVAL" Value="ADULT (18-65)"/>
</ItemGroupData>
<ItemGroupData ItemGroupOID="IG.TS" data:ItemGroupDataSeq="5">
<ItemData ItemOID="IT.STUDYID" Value="CDISC01"/>
<ItemData ItemOID="IT.TS.DOMAIN" Value="TS"/>
<ItemData ItemOID="IT.TS.TSSEQ" Value="2"/>
<ItemData ItemOID="IT.TS.TSPARMCD" Value="AGESPAN"/>
<ItemData ItemOID="IT.TS.TSPARM" Value="Age Span"/>
<ItemData ItemOID="IT.TS.TSVAL" Value="ELDERLY (&gt; 65)"/>
</ItemGroupData>
<ItemGroupData ItemGroupOID="IG.TS" data:ItemGroupDataSeq="6">
<ItemData ItemOID="IT.STUDYID" Value="CDISC01"/>
<ItemData ItemOID="IT.TS.DOMAIN" Value="TS"/>
<ItemData ItemOID="IT.TS.TSSEQ" Value="1"/>
<ItemData ItemOID="IT.TS.TSPARMCD" Value="AGEU"/>
<ItemData ItemOID="IT.TS.TSPARM" Value="Age Unit"/>
<ItemData ItemOID="IT.TS.TSVAL" Value="YEARS"/>
</ItemGroupData>
<ItemGroupData ItemGroupOID="IG.TS" data:ItemGroupDataSeq="7">
<ItemData ItemOID="IT.STUDYID" Value="CDISC01"/>
<ItemData ItemOID="IT.TS.DOMAIN" Value="TS"/>
<ItemData ItemOID="IT.TS.TSSEQ" Value="1"/>
<ItemData ItemOID="IT.TS.TSPARMCD" Value="DOSE"/>
<ItemData ItemOID="IT.TS.TSPARM" Value="Dose per Administration"/>
<ItemData ItemOID="IT.TS.TSVAL" Value="10"/>
</ItemGroupData>
<ItemGroupData ItemGroupOID="IG.TS" data:ItemGroupDataSeq="8">
<ItemData ItemOID="IT.STUDYID" Value="CDISC01"/>
<ItemData ItemOID="IT.TS.DOMAIN" Value="TS"/>
<ItemData ItemOID="IT.TS.TSSEQ" Value="2"/>
<ItemData ItemOID="IT.TS.TSPARMCD" Value="DOSE"/>
<ItemData ItemOID="IT.TS.TSPARM" Value="Dose per Administration"/>
<ItemData ItemOID="IT.TS.TSVAL" Value="20"/>
</ItemGroupData>
<ItemGroupData ItemGroupOID="IG.TS" data:ItemGroupDataSeq="9">
<ItemData ItemOID="IT.STUDYID" Value="CDISC01"/>
<ItemData ItemOID="IT.TS.DOMAIN" Value="TS"/>
<ItemData ItemOID="IT.TS.TSSEQ" Value="3"/>
<ItemData ItemOID="IT.TS.TSPARMCD" Value="DOSE"/>
<ItemData ItemOID="IT.TS.TSPARM" Value="Dose per Administration"/>
<ItemData ItemOID="IT.TS.TSVAL" Value="30"/>
</ItemGroupData>
<ItemGroupData ItemGroupOID="IG.TS" data:ItemGroupDataSeq="10">
<ItemData ItemOID="IT.STUDYID" Value="CDISC01"/>
<ItemData ItemOID="IT.TS.DOMAIN" Value="TS"/>
<ItemData ItemOID="IT.TS.TSSEQ" Value="4"/>
<ItemData ItemOID="IT.TS.TSPARMCD" Value="DOSE"/>
<ItemData ItemOID="IT.TS.TSPARM" Value="Dose per Administration"/>
<ItemData ItemOID="IT.TS.TSVAL" Value="40"/>
</ItemGroupData>
<ItemGroupData ItemGroupOID="IG.TS" data:ItemGroupDataSeq="11">
<ItemData ItemOID="IT.STUDYID" Value="CDISC01"/>
<ItemData ItemOID="IT.TS.DOMAIN" Value="TS"/>
<ItemData ItemOID="IT.TS.TSSEQ" Value="5"/>
<ItemData ItemOID="IT.TS.TSPARMCD" Value="DOSE"/>
<ItemData ItemOID="IT.TS.TSPARM" Value="Dose per Administration"/>
<ItemData ItemOID="IT.TS.TSVAL" Value="60"/>
</ItemGroupData>
<ItemGroupData ItemGroupOID="IG.TS" data:ItemGroupDataSeq="12">
<ItemData ItemOID="IT.STUDYID" Value="CDISC01"/>
<ItemData ItemOID="IT.TS.DOMAIN" Value="TS"/>
<ItemData ItemOID="IT.TS.TSSEQ" Value="1"/>
<ItemData ItemOID="IT.TS.TSPARMCD" Value="DOSFRQ"/>
<ItemData ItemOID="IT.TS.TSPARM" Value="Dosing Frequency"/>
<ItemData ItemOID="IT.TS.TSVAL" Value="QD"/>
</ItemGroupData>
<ItemGroupData ItemGroupOID="IG.TS" data:ItemGroupDataSeq="13">
<ItemData ItemOID="IT.STUDYID" Value="CDISC01"/>
<ItemData ItemOID="IT.TS.DOMAIN" Value="TS"/>
<ItemData ItemOID="IT.TS.TSSEQ" Value="1"/>
<ItemData ItemOID="IT.TS.TSPARMCD" Value="DOSU"/>
<ItemData ItemOID="IT.TS.TSPARM" Value="Dose Units"/>
<ItemData ItemOID="IT.TS.TSVAL" Value="mg"/>
</ItemGroupData>
<ItemGroupData ItemGroupOID="IG.TS" data:ItemGroupDataSeq="14">
<ItemData ItemOID="IT.STUDYID" Value="CDISC01"/>
<ItemData ItemOID="IT.TS.DOMAIN" Value="TS"/>
<ItemData ItemOID="IT.TS.TSSEQ" Value="1"/>
<ItemData ItemOID="IT.TS.TSPARMCD" Value="LENGTH"/>
<ItemData ItemOID="IT.TS.TSPARM" Value="Trial Length"/>
<ItemData ItemOID="IT.TS.TSVAL" Value="P36W"/>
</ItemGroupData>
<ItemGroupData ItemGroupOID="IG.TS" data:ItemGroupDataSeq="15">
<ItemData ItemOID="IT.STUDYID" Value="CDISC01"/>
<ItemData ItemOID="IT.TS.DOMAIN" Value="TS"/>
<ItemData ItemOID="IT.TS.TSSEQ" Value="1"/>
<ItemData ItemOID="IT.TS.TSPARMCD" Value="OBJPRIM"/>
<ItemData ItemOID="IT.TS.TSPARM" Value="Trial Primary Objective"/>
<ItemData ItemOID="IT.TS.TSVAL" Value="EFFICACY AND SAFETY COMPARING 2 DOSES"/>
</ItemGroupData>
<ItemGroupData ItemGroupOID="IG.TS" data:ItemGroupDataSeq="16">
<ItemData ItemOID="IT.STUDYID" Value="CDISC01"/>
<ItemData ItemOID="IT.TS.DOMAIN" Value="TS"/>
<ItemData ItemOID="IT.TS.TSSEQ" Value="1"/>
<ItemData ItemOID="IT.TS.TSPARMCD" Value="OBJSEC"/>
<ItemData ItemOID="IT.TS.TSPARM" Value="Trial Secondary Objective"/>
<ItemData ItemOID="IT.TS.TSVAL" Value="SECONDARY OBJECTIVE CONCERNING RESPONSE"/>
</ItemGroupData>
<ItemGroupData ItemGroupOID="IG.TS" data:ItemGroupDataSeq="17">
<ItemData ItemOID="IT.STUDYID" Value="CDISC01"/>
<ItemData ItemOID="IT.TS.DOMAIN" Value="TS"/>
<ItemData ItemOID="IT.TS.TSSEQ" Value="1"/>
<ItemData ItemOID="IT.TS.TSPARMCD" Value="PLANSUB"/>
<ItemData ItemOID="IT.TS.TSPARM" Value="Planned Number of Subjects"/>
<ItemData ItemOID="IT.TS.TSVAL" Value="80"/>
</ItemGroupData>
<ItemGroupData ItemGroupOID="IG.TS" data:ItemGroupDataSeq="18">
<ItemData ItemOID="IT.STUDYID" Value="CDISC01"/>
<ItemData ItemOID="IT.TS.DOMAIN" Value="TS"/>
<ItemData ItemOID="IT.TS.TSSEQ" Value="1"/>
<ItemData ItemOID="IT.TS.TSPARMCD" Value="RANDOM"/>
<ItemData ItemOID="IT.TS.TSPARM" Value="Trial is Randomized"/>
<ItemData ItemOID="IT.TS.TSVAL" Value="Y"/>
</ItemGroupData>
<ItemGroupData ItemGroupOID="IG.TS" data:ItemGroupDataSeq="19">
<ItemData ItemOID="IT.STUDYID" Value="CDISC01"/>
<ItemData ItemOID="IT.TS.DOMAIN" Value="TS"/>
<ItemData ItemOID="IT.TS.TSSEQ" Value="1"/>
<ItemData ItemOID="IT.TS.TSPARMCD" Value="ROUTE"/>
<ItemData ItemOID="IT.TS.TSPARM" Value="Route of Administration"/>
<ItemData ItemOID="IT.TS.TSVAL" Value="ORAL"/>
</ItemGroupData>
<ItemGroupData ItemGroupOID="IG.TS" data:ItemGroupDataSeq="20">
<ItemData ItemOID="IT.STUDYID" Value="CDISC01"/>
<ItemData ItemOID="IT.TS.DOMAIN" Value="TS"/>
<ItemData ItemOID="IT.TS.TSSEQ" Value="1"/>
<ItemData ItemOID="IT.TS.TSPARMCD" Value="SEXPOP"/>
<ItemData ItemOID="IT.TS.TSPARM" Value="Sex of Participants"/>
<ItemData ItemOID="IT.TS.TSVAL" Value="BOTH"/>
</ItemGroupData>
<ItemGroupData ItemGroupOID="IG.TS" data:ItemGroupDataSeq="21">
<ItemData ItemOID="IT.STUDYID" Value="CDISC01"/>
<ItemData ItemOID="IT.TS.DOMAIN" Value="TS"/>
<ItemData ItemOID="IT.TS.TSSEQ" Value="1"/>
<ItemData ItemOID="IT.TS.TSPARMCD" Value="SPONSOR"/>
<ItemData ItemOID="IT.TS.TSPARM" Value="Clinical Study Sponsor"/>
<ItemData ItemOID="IT.TS.TSVAL" Value="CDISC METADATA TEAM"/>
</ItemGroupData>
<ItemGroupData ItemGroupOID="IG.TS" data:ItemGroupDataSeq="22">
<ItemData ItemOID="IT.STUDYID" Value="CDISC01"/>
<ItemData ItemOID="IT.TS.DOMAIN" Value="TS"/>
<ItemData ItemOID="IT.TS.TSSEQ" Value="1"/>
<ItemData ItemOID="IT.TS.TSPARMCD" Value="TBLIND"/>
<ItemData ItemOID="IT.TS.TSPARM" Value="Trial Blinding Schema"/>
<ItemData ItemOID="IT.TS.TSVAL" Value="DOUBLE BLIND"/>
</ItemGroupData>
<ItemGroupData ItemGroupOID="IG.TS" data:ItemGroupDataSeq="23">
<ItemData ItemOID="IT.STUDYID" Value="CDISC01"/>
<ItemData ItemOID="IT.TS.DOMAIN" Value="TS"/>
<ItemData ItemOID="IT.TS.TSSEQ" Value="1"/>
<ItemData ItemOID="IT.TS.TSPARMCD" Value="TCNTRL"/>
<ItemData ItemOID="IT.TS.TSPARM" Value="Control Type"/>
<ItemData ItemOID="IT.TS.TSVAL" Value="PLACEBO"/>
</ItemGroupData>
<ItemGroupData ItemGroupOID="IG.TS" data:ItemGroupDataSeq="24">
<ItemData ItemOID="IT.STUDYID" Value="CDISC01"/>
<ItemData ItemOID="IT.TS.DOMAIN" Value="TS"/>
<ItemData ItemOID="IT.TS.TSSEQ" Value="1"/>
<ItemData ItemOID="IT.TS.TSPARMCD" Value="TINDTP"/>
<ItemData ItemOID="IT.TS.TSPARM" Value="Trial Indication Type"/>
<ItemData ItemOID="IT.TS.TSVAL" Value="TREATMENT"/>
</ItemGroupData>
<ItemGroupData ItemGroupOID="IG.TS" data:ItemGroupDataSeq="25">
<ItemData ItemOID="IT.STUDYID" Value="CDISC01"/>
<ItemData ItemOID="IT.TS.DOMAIN" Value="TS"/>
<ItemData ItemOID="IT.TS.TSSEQ" Value="1"/>
<ItemData ItemOID="IT.TS.TSPARMCD" Value="TITLE"/>
<ItemData ItemOID="IT.TS.TSPARM" Value="Trial Title"/>
<ItemData ItemOID="IT.TS.TSVAL" Value="SAMPLE STUDY DEVELOPED TO DEMONSTRATE A SAMPLE SUBMISSION"/>
</ItemGroupData>
<ItemGroupData ItemGroupOID="IG.TS" data:ItemGroupDataSeq="26">
<ItemData ItemOID="IT.STUDYID" Value="CDISC01"/>
<ItemData ItemOID="IT.TS.DOMAIN" Value="TS"/>
<ItemData ItemOID="IT.TS.TSSEQ" Value="1"/>
<ItemData ItemOID="IT.TS.TSPARMCD" Value="TPHASE"/>
<ItemData ItemOID="IT.TS.TSPARM" Value="Trial Phase Classification"/>
<ItemData ItemOID="IT.TS.TSVAL" Value="Phase III Trial"/>
</ItemGroupData>
<ItemGroupData ItemGroupOID="IG.TS" data:ItemGroupDataSeq="27">
<ItemData ItemOID="IT.STUDYID" Value="CDISC01"/>
<ItemData ItemOID="IT.TS.DOMAIN" Value="TS"/>
<ItemData ItemOID="IT.TS.TSSEQ" Value="1"/>
<ItemData ItemOID="IT.TS.TSPARMCD" Value="TRT"/>
<ItemData ItemOID="IT.TS.TSPARM" Value="Investigational Therapy or Treatment"/>
<ItemData ItemOID="IT.TS.TSVAL" Value="TEST PRODUCT XXX"/>
</ItemGroupData>
<ItemGroupData ItemGroupOID="IG.TS" data:ItemGroupDataSeq="28">
<ItemData ItemOID="IT.STUDYID" Value="CDISC01"/>
<ItemData ItemOID="IT.TS.DOMAIN" Value="TS"/>
<ItemData ItemOID="IT.TS.TSSEQ" Value="1"/>
<ItemData ItemOID="IT.TS.TSPARMCD" Value="TTYPE"/>
<ItemData ItemOID="IT.TS.TSPARM" Value="Trial Type"/>
<ItemData ItemOID="IT.TS.TSVAL" Value="EFFICACY"/>
</ItemGroupData>
<ItemGroupData ItemGroupOID="IG.TS" data:ItemGroupDataSeq="29">
<ItemData ItemOID="IT.STUDYID" Value="CDISC01"/>
<ItemData ItemOID="IT.TS.DOMAIN" Value="TS"/>
<ItemData ItemOID="IT.TS.TSSEQ" Value="2"/>
<ItemData ItemOID="IT.TS.TSPARMCD" Value="TTYPE"/>
<ItemData ItemOID="IT.TS.TSPARM" Value="Trial Type"/>
<ItemData ItemOID="IT.TS.TSVAL" Value="SAFETY"/>
</ItemGroupData>
</ReferenceData>
</ODM>
